Date,Time,Comp,Round,Day,Venue,Result,GF,GA,Opponent,scores_fixtures_xG,scores_fixtures_xGA,scores_fixtures_Poss,scores_fixtures_Attendance,scores_fixtures_Captain,scores_fixtures_Formation,scores_fixtures_Opp Formation,scores_fixtures_Referee,scores_fixtures_Match Report,scores_fixtures_Notes,Time_shooting_dup,Comp_shooting_dup,Round_shooting_dup,Day_shooting_dup,Venue_shooting_dup,Result_shooting_dup,GF_shooting_dup,GA_shooting_dup,shooting_Standard_Gls,shooting_Standard_Sh,shooting_Standard_SoT,shooting_Standard_SoT%,shooting_Standard_G/Sh,shooting_Standard_G/SoT,shooting_Standard_Dist,shooting_Standard_FK,shooting_Standard_PK,shooting_Standard_PKatt,shooting_Expected_xG,shooting_Expected_npxG,shooting_Expected_npxG/Sh,shooting_Expected_G-xG,shooting_Expected_np:G-xG,shooting_Unnamed: 25_level_0_Match Report,Time_goalkeeping_dup,Comp_goalkeeping_dup,Round_goalkeeping_dup,Day_goalkeeping_dup,Venue_goalkeeping_dup,Result_goalkeeping_dup,GF_goalkeeping_dup,GA_goalkeeping_dup,goalkeeping_Performance_SoTA,goalkeeping_Performance_GA,goalkeeping_Performance_Saves,goalkeeping_Performance_Save%,goalkeeping_Performance_CS,goalkeeping_Performance_PSxG,goalkeeping_Performance_PSxG+/-,goalkeeping_Penalty Kicks_PKatt,goalkeeping_Penalty Kicks_PKA,goalkeeping_Penalty Kicks_PKsv,goalkeeping_Penalty Kicks_PKm,goalkeeping_Launched_Cmp,goalkeeping_Launched_Att,goalkeeping_Launched_Cmp%,goalkeeping_Passes_Att (GK),goalkeeping_Passes_Thr,goalkeeping_Passes_Launch%,goalkeeping_Passes_AvgLen,goalkeeping_Goal Kicks_Att,goalkeeping_Goal Kicks_Launch%,goalkeeping_Goal Kicks_AvgLen,goalkeeping_Crosses_Opp,goalkeeping_Crosses_Stp,goalkeeping_Crosses_Stp%,goalkeeping_Sweeper_#OPA,goalkeeping_Sweeper_AvgDist,goalkeeping_Unnamed: 36_level_0_Match Report,Time_passing_dup,Comp_passing_dup,Round_passing_dup,Day_passing_dup,Venue_passing_dup,Result_passing_dup,GF_passing_dup,GA_passing_dup,passing_Total_Cmp,passing_Total_Att,passing_Total_Cmp%,passing_Total_TotDist,passing_Total_PrgDist,passing_Short_Cmp,passing_Short_Att,passing_Short_Cmp%,passing_Medium_Cmp,passing_Medium_Att,passing_Medium_Cmp%,passing_Long_Cmp,passing_Long_Att,passing_Long_Cmp%,passing_Unnamed: 24_level_0_Ast,passing_Unnamed: 25_level_0_xAG,passing_Unnamed: 26_level_0_xA,passing_Unnamed: 27_level_0_KP,passing_Unnamed: 28_level_0_1/3,passing_Unnamed: 29_level_0_PPA,passing_Unnamed: 30_level_0_CrsPA,passing_Unnamed: 31_level_0_PrgP,passing_Unnamed: 32_level_0_Match Report,Time_pass_types_dup,Comp_pass_types_dup,Round_pass_types_dup,Day_pass_types_dup,Venue_pass_types_dup,Result_pass_types_dup,GF_pass_types_dup,GA_pass_types_dup,pass_types_Att,pass_types_Pass Types_Live,pass_types_Pass Types_Dead,pass_types_Pass Types_FK,pass_types_Pass Types_TB,pass_types_Pass Types_Sw,pass_types_Pass Types_Crs,pass_types_Pass Types_TI,pass_types_Pass Types_CK,pass_types_Corner Kicks_In,pass_types_Corner Kicks_Out,pass_types_Corner Kicks_Str,pass_types_Outcomes_Cmp,pass_types_Outcomes_Off,pass_types_Outcomes_Blocks,pass_types_Unnamed: 25_level_0_Match Report,Time_goal_shot_creation_dup,Comp_goal_shot_creation_dup,Round_goal_shot_creation_dup,Day_goal_shot_creation_dup,Venue_goal_shot_creation_dup,Result_goal_shot_creation_dup,GF_goal_shot_creation_dup,GA_goal_shot_creation_dup,goal_shot_creation_SCA Types_SCA,goal_shot_creation_SCA Types_PassLive,goal_shot_creation_SCA Types_PassDead,goal_shot_creation_SCA Types_TO,goal_shot_creation_SCA Types_Sh,goal_shot_creation_SCA Types_Fld,goal_shot_creation_SCA Types_Def,goal_shot_creation_GCA Types_GCA,goal_shot_creation_GCA Types_PassLive,goal_shot_creation_GCA Types_PassDead,goal_shot_creation_GCA Types_TO,goal_shot_creation_GCA Types_Sh,goal_shot_creation_GCA Types_Fld,goal_shot_creation_GCA Types_Def,goal_shot_creation_Unnamed: 24_level_0_Match Report,Time_defensive_actions_dup,Comp_defensive_actions_dup,Round_defensive_actions_dup,Day_defensive_actions_dup,Venue_defensive_actions_dup,Result_defensive_actions_dup,GF_defensive_actions_dup,GA_defensive_actions_dup,defensive_actions_Tackles_Tkl,defensive_actions_Tackles_TklW,defensive_actions_Tackles_Def 3rd,defensive_actions_Tackles_Mid 3rd,defensive_actions_Tackles_Att 3rd,defensive_actions_Challenges_Tkl,defensive_actions_Challenges_Att,defensive_actions_Challenges_Tkl%,defensive_actions_Challenges_Lost,defensive_actions_Blocks_Blocks,defensive_actions_Blocks_Sh,defensive_actions_Blocks_Pass,defensive_actions_Unnamed: 22_level_0_Int,defensive_actions_Unnamed: 23_level_0_Tkl+Int,defensive_actions_Unnamed: 24_level_0_Clr,defensive_actions_Unnamed: 25_level_0_Err,defensive_actions_Unnamed: 26_level_0_Match Report,Time_possession_dup,Comp_possession_dup,Round_possession_dup,Day_possession_dup,Venue_possession_dup,Result_possession_dup,GF_possession_dup,GA_possession_dup,possession_Poss,possession_Touches_Touches,possession_Touches_Def Pen,possession_Touches_Def 3rd,possession_Touches_Mid 3rd,possession_Touches_Att 3rd,possession_Touches_Att Pen,possession_Touches_Live,possession_Take-Ons_Att,possession_Take-Ons_Succ,possession_Take-Ons_Succ%,possession_Take-Ons_Tkld,possession_Take-Ons_Tkld%,possession_Carries_Carries,possession_Carries_TotDist,possession_Carries_PrgDist,possession_Carries_PrgC,possession_Carries_1/3,possession_Carries_CPA,possession_Carries_Mis,possession_Carries_Dis,possession_Receiving_Rec,possession_Receiving_PrgR,possession_Unnamed: 33_level_0_Match Report,Time_miscellaneous_dup,Comp_miscellaneous_dup,Round_miscellaneous_dup,Day_miscellaneous_dup,Venue_miscellaneous_dup,Result_miscellaneous_dup,GF_miscellaneous_dup,GA_miscellaneous_dup,miscellaneous_Performance_CrdY,miscellaneous_Performance_CrdR,miscellaneous_Performance_2CrdY,miscellaneous_Performance_Fls,miscellaneous_Performance_Fld,miscellaneous_Performance_Off,miscellaneous_Performance_Crs,miscellaneous_Performance_Int,miscellaneous_Performance_TklW,miscellaneous_Performance_PKwon,miscellaneous_Performance_PKcon,miscellaneous_Performance_OG,miscellaneous_Performance_Recov,miscellaneous_Aerial Duels_Won,miscellaneous_Aerial Duels_Lost,miscellaneous_Aerial Duels_Won%,miscellaneous_Unnamed: 26_level_0_Match Report,team,team_id,season
2025-08-17,14:00,Premier League,Matchweek 1,Sun,Home,W,3,1,Brentford,1.8,1.4,54.0,29949.0,Morgan Gibbs-White,4-2-3-1,4-2-3-1,Peter Bankes,Match Report,,14:00,Premier League,Matchweek 1,Sun,Home,W,3,1,3.0,11.0,5.0,45.5,0.27,0.6,18.6,0.0,0.0,0.0,1.8,1.8,0.17,1.2,1.2,Match Report,14:00,Premier League,Matchweek 1,Sun,Home,W,3,1,3.0,1.0,2.0,100.0,0.0,1.5,0.5,1.0,1.0,0.0,0.0,2.0,10.0,20.0,23.0,4.0,34.8,36.1,6.0,33.3,35.8,11.0,2.0,18.2,2.0,16.6,Match Report,14:00,Premier League,Matchweek 1,Sun,Home,W,3,1,364.0,466.0,78.1,6517.0,2195.0,155.0,172.0,90.1,178.0,206.0,86.4,29.0,73.0,39.7,2.0,1.7,1.0,9.0,33.0,13.0,5.0,41.0,Match Report,14:00,Premier League,Matchweek 1,Sun,Home,W,3,1,466.0,418.0,46.0,14.0,3.0,7.0,24.0,19.0,5.0,3.0,0.0,0.0,364.0,2.0,10.0,Match Report,14:00,Premier League,Matchweek 1,Sun,Home,W,3,1,21.0,19.0,0.0,1.0,1.0,0.0,0.0,6.0,5.0,0.0,1.0,0.0,0.0,0.0,Match Report,14:00,Premier League,Matchweek 1,Sun,Home,W,3,1,12.0,7.0,5.0,5.0,2.0,7.0,14.0,50.0,7.0,9.0,3.0,6.0,9.0,21.0,26.0,2.0,Match Report,14:00,Premier League,Matchweek 1,Sun,Home,W,3,1,54.0,572.0,49.0,168.0,210.0,200.0,23.0,572.0,17.0,9.0,52.9,6.0,35.3,258.0,1593.0,950.0,19.0,18.0,4.0,10.0,14.0,363.0,41.0,Match Report,14:00,Premier League,Matchweek 1,Sun,Home,W,3,1,1.0,0.0,0.0,7.0,15.0,2.0,24.0,9.0,7.0,0.0,1.0,0.0,43.0,17.0,16.0,51.5,Match Report,Nottingham Forest,e4a775cb,2025-2026
2025-08-24,14:00,Premier League,Matchweek 2,Sun,Away,D,1,1,Crystal Palace,0.9,1.1,58.0,24876.0,Morgan Gibbs-White,4-2-3-1,3-4-3,Anthony Taylor,Match Report,,14:00,Premier League,Matchweek 2,Sun,Away,D,1,1,1.0,9.0,1.0,11.1,0.11,1.0,13.2,0.0,0.0,0.0,0.9,0.9,0.1,0.1,0.1,Match Report,14:00,Premier League,Matchweek 2,Sun,Away,D,1,1,4.0,1.0,3.0,75.0,0.0,0.8,-0.2,0.0,0.0,0.0,0.0,5.0,14.0,35.7,24.0,6.0,50.0,39.8,10.0,20.0,28.1,10.0,1.0,10.0,1.0,16.6,Match Report,14:00,Premier League,Matchweek 2,Sun,Away,D,1,1,462.0,564.0,81.9,8235.0,2897.0,215.0,231.0,93.1,200.0,226.0,88.5,42.0,83.0,50.6,1.0,0.7,0.8,6.0,39.0,7.0,3.0,46.0,Match Report,14:00,Premier League,Matchweek 2,Sun,Away,D,1,1,564.0,518.0,44.0,13.0,2.0,1.0,26.0,16.0,3.0,2.0,1.0,0.0,462.0,2.0,10.0,Match Report,14:00,Premier League,Matchweek 2,Sun,Away,D,1,1,16.0,12.0,0.0,2.0,1.0,0.0,1.0,2.0,1.0,0.0,1.0,0.0,0.0,0.0,Match Report,14:00,Premier League,Matchweek 2,Sun,Away,D,1,1,12.0,7.0,5.0,4.0,3.0,4.0,7.0,57.1,3.0,8.0,0.0,8.0,10.0,22.0,16.0,1.0,Match Report,14:00,Premier League,Matchweek 2,Sun,Away,D,1,1,58.0,665.0,54.0,206.0,326.0,138.0,19.0,665.0,19.0,6.0,31.6,12.0,63.2,333.0,1685.0,961.0,15.0,14.0,5.0,13.0,8.0,459.0,46.0,Match Report,14:00,Premier League,Matchweek 2,Sun,Away,D,1,1,3.0,0.0,0.0,11.0,10.0,2.0,26.0,10.0,7.0,0.0,0.0,0.0,43.0,17.0,15.0,53.1,Match Report,Nottingham Forest,e4a775cb,2025-2026
2025-08-31,14:00,Premier League,Matchweek 3,Sun,Home,L,0,3,West Ham,0.7,2.4,58.0,30215.0,Morgan Gibbs-White,4-2-3-1,4-2-3-1,Craig Pawson,Match Report,,14:00,Premier League,Matchweek 3,Sun,Home,L,0,3,0.0,11.0,3.0,27.3,0.0,0.0,15.9,0.0,0.0,0.0,0.7,0.7,0.07,-0.7,-0.7,Match Report,14:00,Premier League,Matchweek 3,Sun,Home,L,0,3,8.0,3.0,5.0,75.0,0.0,3.3,0.3,1.0,1.0,0.0,0.0,0.0,3.0,0.0,9.0,3.0,33.3,30.9,5.0,0.0,14.0,13.0,0.0,0.0,0.0,8.0,Match Report,14:00,Premier League,Matchweek 3,Sun,Home,L,0,3,491.0,596.0,82.4,8002.0,2596.0,234.0,257.0,91.1,223.0,258.0,86.4,21.0,54.0,38.9,0.0,0.7,0.8,8.0,53.0,8.0,1.0,59.0,Match Report,14:00,Premier League,Matchweek 3,Sun,Home,L,0,3,596.0,555.0,41.0,6.0,1.0,1.0,35.0,17.0,9.0,5.0,3.0,0.0,491.0,0.0,10.0,Match Report,14:00,Premier League,Matchweek 3,Sun,Home,L,0,3,21.0,19.0,2.0,0.0,0.0,0.0,0.0,0.0,0.0,0.0,0.0,0.0,0.0,0.0,Match Report,14:00,Premier League,Matchweek 3,Sun,Home,L,0,3,19.0,14.0,5.0,6.0,8.0,11.0,19.0,57.9,8.0,11.0,0.0,11.0,6.0,25.0,17.0,0.0,Match Report,14:00,Premier League,Matchweek 3,Sun,Home,L,0,3,58.0,707.0,36.0,126.0,362.0,226.0,28.0,707.0,18.0,6.0,33.3,9.0,50.0,364.0,1923.0,1213.0,22.0,13.0,5.0,14.0,7.0,484.0,57.0,Match Report,14:00,Premier League,Matchweek 3,Sun,Home,L,0,3,0.0,0.0,0.0,14.0,6.0,0.0,35.0,6.0,14.0,0.0,1.0,0.0,45.0,12.0,10.0,54.5,Match Report,Nottingham Forest,e4a775cb,2025-2026
2025-09-13,12:30,Premier League,Matchweek 4,Sat,Away,L,0,3,Arsenal,0.2,1.8,46.0,60167.0,Morgan Gibbs-White,4-2-3-1,4-3-3,Darren England,Match Report,,12:30,Premier League,Matchweek 4,Sat,Away,L,0,3,0.0,5.0,1.0,20.0,0.0,0.0,19.0,0.0,0.0,0.0,0.2,0.2,0.04,-0.2,-0.2,Match Report,12:30,Premier League,Matchweek 4,Sat,Away,L,0,3,5.0,3.0,2.0,40.0,0.0,2.2,-0.8,0.0,0.0,0.0,0.0,4.0,9.0,44.4,19.0,3.0,36.8,33.5,11.0,18.2,21.3,15.0,0.0,0.0,0.0,5.0,Match Report,12:30,Premier League,Matchweek 4,Sat,Away,L,0,3,373.0,448.0,83.3,6117.0,2061.0,191.0,201.0,95.0,138.0,158.0,87.3,27.0,59.0,45.8,0.0,0.2,0.2,5.0,31.0,4.0,1.0,25.0,Match Report,12:30,Premier League,Matchweek 4,Sat,Away,L,0,3,448.0,397.0,51.0,10.0,2.0,3.0,13.0,23.0,3.0,1.0,2.0,0.0,373.0,0.0,8.0,Match Report,12:30,Premier League,Matchweek 4,Sat,Away,L,0,3,9.0,8.0,1.0,0.0,0.0,0.0,0.0,0.0,0.0,0.0,0.0,0.0,0.0,0.0,Match Report,12:30,Premier League,Matchweek 4,Sat,Away,L,0,3,12.0,8.0,7.0,3.0,2.0,10.0,21.0,47.6,11.0,12.0,5.0,7.0,11.0,23.0,20.0,2.0,Match Report,12:30,Premier League,Matchweek 4,Sat,Away,L,0,3,46.0,544.0,80.0,225.0,208.0,116.0,13.0,544.0,15.0,5.0,33.3,7.0,46.7,318.0,1537.0,754.0,19.0,13.0,5.0,18.0,6.0,373.0,25.0,Match Report,12:30,Premier League,Matchweek 4,Sat,Away,L,0,3,1.0,0.0,0.0,11.0,7.0,0.0,13.0,11.0,8.0,0.0,0.0,0.0,32.0,8.0,9.0,47.1,Match Report,Nottingham Forest,e4a775cb,2025-2026
2025-09-17,20:00,EFL Cup,Third round,Wed,Away,L,2,3,Swansea City,,,55.0,11354.0,Ryan Yates,4-2-3-1,4-2-3-1,John Busby,Match Report,,20:00,EFL Cup,Third round,Wed,Away,L,2,3,2.0,17.0,3.0,17.6,0.12,0.67,,,0.0,0.0,,,,,,Match Report,20:00,EFL Cup,Third round,Wed,Away,L,2,3,4.0,3.0,1.0,25.0,0.0,,,0.0,0.0,0.0,0.0,,,,,,,,,,,,,,,,Match Report,20:00,EFL Cup,Third round,Wed,Away,L,2,3,,,,,,,,,,,,,,,1.0,,,,,,,,Match Report,20:00,EFL Cup,Third round,Wed,Away,L,2,3,,,,,,,10.0,,,,,,,,,Match Report,20:00,EFL Cup,Third round,Wed,Away,L,2,3,,,,,,,,,,,,,,,Match Report,20:00,EFL Cup,Third round,Wed,Away,L,2,3,,9.0,,,,,,,,,,,4.0,0.0,,,Match Report,20:00,EFL Cup,Third round,Wed,Away,L,2,3,55.0,,,,,,,,,,,,,,,,,,,,,,,Match Report,20:00,EFL Cup,Third round,Wed,Away,L,2,3,2.0,0.0,0.0,10.0,13.0,4.0,10.0,4.0,9.0,,,0.0,,,,,Match Report,Nottingham Forest,e4a775cb,2025-2026
2025-09-20,15:00,Premier League,Matchweek 5,Sat,Away,D,1,1,Burnley,1.1,0.9,63.0,21475.0,Morgan Gibbs-White,4-2-3-1,5-4-1,Thomas Bramall,Match Report,,15:00,Premier League,Matchweek 5,Sat,Away,D,1,1,1.0,17.0,8.0,47.1,0.06,0.13,19.6,0.0,0.0,0.0,1.1,1.1,0.06,-0.1,-0.1,Match Report,15:00,Premier League,Matchweek 5,Sat,Away,D,1,1,5.0,1.0,4.0,80.0,0.0,1.0,0.0,0.0,0.0,0.0,0.0,5.0,10.0,50.0,21.0,3.0,42.9,33.0,6.0,16.7,23.3,21.0,1.0,4.8,0.0,5.7,Match Report,15:00,Premier League,Matchweek 5,Sat,Away,D,1,1,592.0,683.0,86.7,9514.0,2851.0,314.0,341.0,92.1,238.0,261.0,91.2,33.0,59.0,55.9,0.0,0.8,0.8,13.0,58.0,12.0,2.0,52.0,Match Report,15:00,Premier League,Matchweek 5,Sat,Away,D,1,1,683.0,635.0,46.0,13.0,0.0,2.0,30.0,20.0,5.0,3.0,1.0,0.0,592.0,2.0,8.0,Match Report,15:00,Premier League,Matchweek 5,Sat,Away,D,1,1,31.0,26.0,1.0,1.0,2.0,0.0,1.0,2.0,2.0,0.0,0.0,0.0,0.0,0.0,Match Report,15:00,Premier League,Matchweek 5,Sat,Away,D,1,1,11.0,6.0,5.0,3.0,3.0,6.0,17.0,35.3,11.0,11.0,3.0,8.0,7.0,18.0,31.0,0.0,Match Report,15:00,Premier League,Matchweek 5,Sat,Away,D,1,1,63.0,796.0,68.0,208.0,381.0,214.0,29.0,796.0,12.0,4.0,33.3,6.0,50.0,530.0,2460.0,1286.0,28.0,15.0,7.0,16.0,5.0,588.0,52.0,Match Report,15:00,Premier League,Matchweek 5,Sat,Away,D,1,1,1.0,0.0,0.0,11.0,12.0,2.0,30.0,7.0,6.0,0.0,0.0,0.0,42.0,9.0,13.0,40.9,Match Report,Nottingham Forest,e4a775cb,2025-2026
2025-09-24,21:00,Europa Lg,League phase,Wed,Away,D,2,2,es Betis,2.7,0.4,44.0,57257.0,Morgan Gibbs-White,4-1-4-1,4-2-3-1,Sascha Stegemann,Match Report,,21:00,Europa Lg,League phase,Wed,Away,D,2,2,2.0,16.0,6.0,37.5,0.13,0.33,13.7,0.0,0.0,0.0,2.7,2.7,0.2,-0.7,-0.7,Match Report,21:00,Europa Lg,League phase,Wed,Away,D,2,2,4.0,2.0,2.0,50.0,0.0,1.2,-0.8,0.0,0.0,0.0,0.0,5.0,11.0,45.5,30.0,4.0,30.0,31.5,5.0,40.0,36.2,13.0,0.0,0.0,0.0,,Match Report,21:00,Europa Lg,League phase,Wed,Away,D,2,2,374.0,443.0,84.4,6709.0,2400.0,159.0,170.0,93.5,174.0,198.0,87.9,32.0,54.0,59.3,2.0,3.1,2.6,14.0,22.0,8.0,2.0,30.0,Match Report,21:00,Europa Lg,League phase,Wed,Away,D,2,2,443.0,401.0,41.0,16.0,0.0,4.0,10.0,14.0,3.0,3.0,0.0,0.0,374.0,1.0,10.0,Match Report,21:00,Europa Lg,League phase,Wed,Away,D,2,2,30.0,24.0,2.0,1.0,3.0,0.0,0.0,3.0,2.0,1.0,0.0,0.0,0.0,0.0,Match Report,21:00,Europa Lg,League phase,Wed,Away,D,2,2,18.0,13.0,11.0,7.0,0.0,11.0,25.0,44.0,14.0,10.0,2.0,8.0,3.0,21.0,15.0,2.0,Match Report,21:00,Europa Lg,League phase,Wed,Away,D,2,2,44.0,546.0,70.0,219.0,212.0,120.0,32.0,546.0,24.0,10.0,41.7,12.0,50.0,274.0,1445.0,686.0,12.0,12.0,5.0,15.0,8.0,372.0,30.0,Match Report,21:00,Europa Lg,League phase,Wed,Away,D,2,2,2.0,0.0,0.0,16.0,16.0,1.0,10.0,3.0,13.0,0.0,0.0,0.0,41.0,10.0,7.0,58.8,Match Report,Nottingham Forest,e4a775cb,2025-2026
2025-09-27,17:30,Premier League,Matchweek 6,Sat,Home,L,0,1,Sunderland,1.6,1.6,65.0,30226.0,Chris Wood,4-2-3-1,4-2-3-1,Tony Harrington,Match Report,,17:30,Premier League,Matchweek 6,Sat,Home,L,0,1,0.0,22.0,6.0,27.3,0.0,0.0,16.4,0.0,0.0,0.0,1.6,1.6,0.08,-1.6,-1.6,Match Report,17:30,Premier League,Matchweek 6,Sat,Home,L,0,1,3.0,1.0,2.0,66.7,0.0,1.4,0.4,0.0,0.0,0.0,0.0,1.0,9.0,11.1,25.0,2.0,32.0,31.2,4.0,25.0,30.8,14.0,0.0,0.0,2.0,19.5,Match Report,17:30,Premier League,Matchweek 6,Sat,Home,L,0,1,555.0,646.0,85.9,9825.0,2987.0,223.0,239.0,93.3,279.0,306.0,91.2,47.0,81.0,58.0,0.0,1.2,1.1,16.0,68.0,14.0,7.0,77.0,Match Report,17:30,Premier League,Matchweek 6,Sat,Home,L,0,1,646.0,602.0,44.0,7.0,2.0,2.0,42.0,24.0,7.0,6.0,0.0,0.0,555.0,0.0,12.0,Match Report,17:30,Premier League,Matchweek 6,Sat,Home,L,0,1,39.0,29.0,3.0,1.0,5.0,0.0,1.0,0.0,0.0,0.0,0.0,0.0,0.0,0.0,Match Report,17:30,Premier League,Matchweek 6,Sat,Home,L,0,1,16.0,9.0,6.0,5.0,5.0,5.0,12.0,41.7,7.0,10.0,3.0,7.0,1.0,17.0,20.0,2.0,Match Report,17:30,Premier League,Matchweek 6,Sat,Home,L,0,1,65.0,761.0,63.0,195.0,302.0,268.0,34.0,761.0,18.0,9.0,50.0,7.0,38.9,370.0,2411.0,1333.0,25.0,23.0,4.0,18.0,3.0,552.0,76.0,Match Report,17:30,Premier League,Matchweek 6,Sat,Home,L,0,1,4.0,0.0,0.0,11.0,6.0,0.0,42.0,1.0,9.0,0.0,0.0,0.0,43.0,15.0,13.0,53.6,Match Report,Nottingham Forest,e4a775cb,2025-2026
2025-10-02,20:00,Europa Lg,League phase,Thu,Home,L,2,3,dk Midtjylland,1.9,2.2,62.0,29323.0,Morgan Gibbs-White,3-4-3,3-4-3,Willy Delajod,Match Report,,20:00,Europa Lg,League phase,Thu,Home,L,2,3,2.0,21.0,8.0,38.1,0.05,0.13,19.5,0.0,1.0,1.0,1.9,1.2,0.06,0.1,-0.2,Match Report,20:00,Europa Lg,League phase,Thu,Home,L,2,3,4.0,3.0,1.0,25.0,0.0,2.3,-0.7,0.0,0.0,0.0,0.0,1.0,8.0,12.5,23.0,4.0,34.8,35.4,2.0,0.0,6.0,13.0,0.0,0.0,2.0,17.8,Match Report,20:00,Europa Lg,League phase,Thu,Home,L,2,3,432.0,523.0,82.6,7247.0,2187.0,190.0,215.0,88.4,181.0,204.0,88.7,42.0,74.0,56.8,1.0,1.2,1.5,20.0,33.0,15.0,5.0,55.0,Match Report,20:00,Europa Lg,League phase,Thu,Home,L,2,3,523.0,470.0,50.0,16.0,2.0,2.0,32.0,18.0,10.0,2.0,7.0,0.0,432.0,3.0,6.0,Match Report,20:00,Europa Lg,League phase,Thu,Home,L,2,3,41.0,28.0,3.0,2.0,4.0,2.0,2.0,4.0,3.0,0.0,0.0,0.0,1.0,0.0,Match Report,20:00,Europa Lg,League phase,Thu,Home,L,2,3,19.0,15.0,6.0,7.0,6.0,12.0,20.0,60.0,8.0,6.0,1.0,5.0,3.0,22.0,19.0,0.0,Match Report,20:00,Europa Lg,League phase,Thu,Home,L,2,3,62.0,641.0,46.0,162.0,281.0,209.0,31.0,640.0,18.0,9.0,50.0,9.0,50.0,411.0,2185.0,1176.0,31.0,19.0,8.0,17.0,7.0,430.0,55.0,Match Report,20:00,Europa Lg,League phase,Thu,Home,L,2,3,3.0,0.0,0.0,14.0,15.0,3.0,32.0,3.0,15.0,1.0,0.0,0.0,40.0,12.0,9.0,57.1,Match Report,Nottingham Forest,e4a775cb,2025-2026
2025-10-05,14:00,Premier League,Matchweek 7,Sun,Away,L,0,2,Newcastle Utd,0.2,3.2,48.0,52189.0,Ryan Yates,3-4-3,4-3-3,Peter Bankes,Match Report,,14:00,Premier League,Matchweek 7,Sun,Away,L,0,2,0.0,5.0,4.0,80.0,0.0,0.0,17.9,1.0,0.0,0.0,0.2,0.2,0.05,-0.2,-0.2,Match Report,14:00,Premier League,Matchweek 7,Sun,Away,L,0,2,9.0,2.0,7.0,88.9,0.0,3.6,1.6,1.0,1.0,0.0,0.0,3.0,16.0,18.8,29.0,5.0,51.7,38.7,8.0,12.5,16.8,21.0,0.0,0.0,0.0,,Match Report,14:00,Premier League,Matchweek 7,Sun,Away,L,0,2,393.0,490.0,80.2,6151.0,2212.0,215.0,241.0,89.2,146.0,171.0,85.4,24.0,59.0,40.7,0.0,0.2,0.3,4.0,23.0,8.0,3.0,32.0,Match Report,14:00,Premier League,Matchweek 7,Sun,Away,L,0,2,490.0,444.0,44.0,15.0,0.0,1.0,14.0,17.0,1.0,1.0,0.0,0.0,393.0,2.0,6.0,Match Report,14:00,Premier League,Matchweek 7,Sun,Away,L,0,2,10.0,6.0,0.0,2.0,0.0,1.0,1.0,0.0,0.0,0.0,0.0,0.0,0.0,0.0,Match Report,14:00,Premier League,Matchweek 7,Sun,Away,L,0,2,13.0,8.0,6.0,6.0,1.0,7.0,12.0,58.3,5.0,9.0,5.0,4.0,9.0,22.0,42.0,1.0,Match Report,14:00,Premier League,Matchweek 7,Sun,Away,L,0,2,48.0,618.0,101.0,286.0,233.0,105.0,17.0,618.0,18.0,13.0,72.2,5.0,27.8,380.0,1629.0,729.0,15.0,15.0,3.0,16.0,11.0,390.0,30.0,Match Report,14:00,Premier League,Matchweek 7,Sun,Away,L,0,2,4.0,0.0,0.0,15.0,16.0,2.0,14.0,9.0,8.0,0.0,1.0,0.0,48.0,12.0,12.0,50.0,Match Report,Nottingham Forest,e4a775cb,2025-2026
2025-10-18,12:30,Premier League,Matchweek 8,Sat,Home,L,0,3,Chelsea,2.2,1.7,50.0,30495.0,Morgan Gibbs-White,5-3-2,4-2-3-1,Chris Kavanagh,Match Report,,12:30,Premier League,Matchweek 8,Sat,Home,L,0,3,0.0,12.0,2.0,16.7,0.0,0.0,14.0,0.0,0.0,0.0,2.2,2.2,0.18,-2.2,-2.2,Match Report,12:30,Premier League,Matchweek 8,Sat,Home,L,0,3,6.0,3.0,3.0,50.0,0.0,2.2,-0.8,0.0,0.0,0.0,0.0,1.0,11.0,9.1,20.0,5.0,45.0,39.5,9.0,22.2,25.4,9.0,0.0,0.0,2.0,13.3,Match Report,12:30,Premier League,Matchweek 8,Sat,Home,L,0,3,397.0,495.0,80.2,6846.0,2528.0,184.0,201.0,91.5,178.0,205.0,86.8,32.0,73.0,43.8,0.0,1.9,1.4,9.0,24.0,9.0,2.0,45.0,Match Report,12:30,Premier League,Matchweek 8,Sat,Home,L,0,3,495.0,437.0,57.0,18.0,1.0,0.0,23.0,21.0,5.0,1.0,4.0,0.0,397.0,1.0,10.0,Match Report,12:30,Premier League,Matchweek 8,Sat,Home,L,0,3,18.0,14.0,3.0,0.0,1.0,0.0,0.0,0.0,0.0,0.0,0.0,0.0,0.0,0.0,Match Report,12:30,Premier League,Matchweek 8,Sat,Home,L,0,3,19.0,10.0,10.0,7.0,2.0,8.0,20.0,40.0,12.0,10.0,5.0,5.0,9.0,28.0,14.0,3.0,Match Report,12:30,Premier League,Matchweek 8,Sat,Home,L,0,3,50.0,592.0,61.0,201.0,246.0,149.0,22.0,592.0,18.0,8.0,44.4,9.0,50.0,376.0,1690.0,809.0,11.0,12.0,2.0,14.0,6.0,395.0,45.0,Match Report,12:30,Premier League,Matchweek 8,Sat,Home,L,0,3,2.0,0.0,0.0,13.0,15.0,1.0,23.0,9.0,10.0,0.0,0.0,0.0,36.0,5.0,13.0,27.8,Match Report,Nottingham Forest,e4a775cb,2025-2026
2025-10-23,20:00,Europa Lg,League phase,Thu,Home,W,2,0,pt Porto,2.1,0.6,51.0,29195.0,Morgan Gibbs-White,4-2-3-1,4-3-3,Radu Petrescu,Match Report,,20:00,Europa Lg,League phase,Thu,Home,W,2,0,2.0,6.0,1.0,16.7,0.0,0.0,23.2,0.0,2.0,2.0,2.1,0.5,0.08,-0.1,-0.5,Match Report,20:00,Europa Lg,League phase,Thu,Home,W,2,0,1.0,0.0,1.0,100.0,1.0,0.3,0.3,0.0,0.0,0.0,0.0,5.0,13.0,38.5,25.0,3.0,44.0,37.1,6.0,33.3,31.0,12.0,0.0,0.0,0.0,6.7,Match Report,20:00,Europa Lg,League phase,Thu,Home,W,2,0,411.0,492.0,83.5,6985.0,2131.0,203.0,222.0,91.4,154.0,173.0,89.0,41.0,73.0,56.2,0.0,0.4,0.6,4.0,31.0,7.0,1.0,23.0,Match Report,20:00,Europa Lg,League phase,Thu,Home,W,2,0,492.0,452.0,40.0,15.0,0.0,4.0,17.0,15.0,3.0,3.0,0.0,0.0,411.0,0.0,8.0,Match Report,20:00,Europa Lg,League phase,Thu,Home,W,2,0,14.0,10.0,1.0,0.0,1.0,1.0,1.0,3.0,2.0,0.0,0.0,0.0,1.0,0.0,Match Report,20:00,Europa Lg,League phase,Thu,Home,W,2,0,17.0,13.0,7.0,6.0,4.0,9.0,17.0,52.9,8.0,13.0,7.0,6.0,11.0,28.0,31.0,0.0,Match Report,20:00,Europa Lg,League phase,Thu,Home,W,2,0,51.0,603.0,65.0,215.0,242.0,154.0,24.0,601.0,15.0,8.0,53.3,3.0,20.0,383.0,1843.0,816.0,19.0,16.0,6.0,15.0,16.0,405.0,23.0,Match Report,20:00,Europa Lg,League phase,Thu,Home,W,2,0,2.0,0.0,0.0,13.0,14.0,0.0,17.0,11.0,13.0,1.0,0.0,0.0,40.0,6.0,10.0,37.5,Match Report,Nottingham Forest,e4a775cb,2025-2026
2025-10-26,14:00,Premier League,Matchweek 9,Sun,Away,L,0,2,Bournemouth,0.4,0.6,48.0,11204.0,Morgan Gibbs-White,4-2-3-1,4-2-3-1,Samuel Barrott,Match Report,,14:00,Premier League,Matchweek 9,Sun,Away,L,0,2,0.0,8.0,4.0,50.0,0.0,0.0,18.7,0.0,0.0,0.0,0.4,0.4,0.05,-0.4,-0.4,Match Report,14:00,Premier League,Matchweek 9,Sun,Away,L,0,2,5.0,2.0,3.0,60.0,0.0,0.6,-1.4,0.0,0.0,0.0,0.0,11.0,25.0,44.0,27.0,1.0,81.5,48.6,7.0,42.9,35.6,9.0,1.0,11.1,2.0,14.0,Match Report,14:00,Premier League,Matchweek 9,Sun,Away,L,0,2,335.0,442.0,75.8,6579.0,2708.0,137.0,157.0,87.3,144.0,170.0,84.7,50.0,94.0,53.2,0.0,0.3,0.4,7.0,30.0,6.0,1.0,33.0,Match Report,14:00,Premier League,Matchweek 9,Sun,Away,L,0,2,442.0,389.0,53.0,20.0,1.0,1.0,13.0,19.0,4.0,3.0,1.0,0.0,335.0,0.0,11.0,Match Report,14:00,Premier League,Matchweek 9,Sun,Away,L,0,2,16.0,12.0,2.0,0.0,1.0,1.0,0.0,0.0,0.0,0.0,0.0,0.0,0.0,0.0,Match Report,14:00,Premier League,Matchweek 9,Sun,Away,L,0,2,19.0,10.0,8.0,8.0,3.0,9.0,16.0,56.3,7.0,10.0,4.0,6.0,9.0,28.0,19.0,2.0,Match Report,14:00,Premier League,Matchweek 9,Sun,Away,L,0,2,48.0,556.0,63.0,190.0,253.0,120.0,7.0,556.0,8.0,2.0,25.0,6.0,75.0,299.0,1295.0,551.0,7.0,12.0,0.0,22.0,3.0,328.0,31.0,Match Report,14:00,Premier League,Matchweek 9,Sun,Away,L,0,2,1.0,0.0,0.0,7.0,17.0,0.0,13.0,9.0,10.0,0.0,0.0,0.0,43.0,20.0,17.0,54.1,Match Report,Nottingham Forest,e4a775cb,2025-2026
2025-11-01,15:00,Premier League,Matchweek 10,Sat,Home,D,2,2,Manchester Utd,1.9,1.2,42.0,30778.0,Morgan Gibbs-White,4-2-3-1,3-4-3,Darren England,Match Report,,15:00,Premier League,Matchweek 10,Sat,Home,D,2,2,2.0,17.0,3.0,17.6,0.12,0.67,14.9,0.0,0.0,0.0,1.9,1.9,0.11,0.1,0.1,Match Report,15:00,Premier League,Matchweek 10,Sat,Home,D,2,2,6.0,2.0,4.0,66.7,0.0,1.4,-0.6,0.0,0.0,0.0,0.0,7.0,30.0,23.3,28.0,4.0,85.7,53.4,7.0,85.7,61.1,12.0,1.0,8.3,0.0,4.5,Match Report,15:00,Premier League,Matchweek 10,Sat,Home,D,2,2,280.0,396.0,70.7,5136.0,2082.0,135.0,163.0,82.8,113.0,137.0,82.5,28.0,82.0,34.1,1.0,0.9,0.9,12.0,25.0,11.0,3.0,36.0,Match Report,15:00,Premier League,Matchweek 10,Sat,Home,D,2,2,396.0,353.0,41.0,8.0,0.0,2.0,25.0,15.0,8.0,4.0,3.0,0.0,280.0,2.0,3.0,Match Report,15:00,Premier League,Matchweek 10,Sat,Home,D,2,2,30.0,20.0,3.0,2.0,4.0,0.0,1.0,3.0,2.0,0.0,0.0,1.0,0.0,0.0,Match Report,15:00,Premier League,Matchweek 10,Sat,Home,D,2,2,17.0,10.0,7.0,4.0,6.0,11.0,19.0,57.9,8.0,11.0,6.0,5.0,11.0,28.0,16.0,0.0,Match Report,15:00,Premier League,Matchweek 10,Sat,Home,D,2,2,42.0,497.0,46.0,151.0,207.0,144.0,23.0,497.0,11.0,5.0,45.5,6.0,54.5,298.0,1492.0,746.0,23.0,16.0,5.0,12.0,6.0,278.0,35.0,Match Report,15:00,Premier League,Matchweek 10,Sat,Home,D,2,2,1.0,0.0,0.0,10.0,6.0,2.0,25.0,11.0,10.0,0.0,0.0,0.0,45.0,17.0,29.0,37.0,Match Report,Nottingham Forest,e4a775cb,2025-2026
2025-11-06,18:45,Europa Lg,League phase,Thu,Away,D,0,0,at Sturm Graz,1.7,0.1,58.0,16192.0,Ryan Yates,4-2-3-1,4-1-2-1-2,Mykola Balakin,Match Report,,18:45,Europa Lg,League phase,Thu,Away,D,0,0,0.0,8.0,0.0,0.0,0.0,,16.8,0.0,0.0,1.0,1.7,0.9,0.11,-1.7,-0.9,Match Report,18:45,Europa Lg,League phase,Thu,Away,D,0,0,2.0,0.0,2.0,100.0,1.0,0.5,0.5,0.0,0.0,0.0,0.0,2.0,4.0,50.0,22.0,1.0,18.2,25.6,0.0,,,2.0,0.0,0.0,3.0,20.6,Match Report,18:45,Europa Lg,League phase,Thu,Away,D,0,0,484.0,595.0,81.3,8910.0,2984.0,210.0,238.0,88.2,201.0,232.0,86.6,62.0,89.0,69.7,0.0,0.9,1.3,6.0,37.0,9.0,2.0,49.0,Match Report,18:45,Europa Lg,League phase,Thu,Away,D,0,0,595.0,535.0,58.0,18.0,2.0,7.0,23.0,35.0,4.0,3.0,1.0,0.0,484.0,2.0,16.0,Match Report,18:45,Europa Lg,League phase,Thu,Away,D,0,0,17.0,8.0,5.0,0.0,0.0,4.0,0.0,0.0,0.0,0.0,0.0,0.0,0.0,0.0,Match Report,18:45,Europa Lg,League phase,Thu,Away,D,0,0,21.0,16.0,9.0,10.0,2.0,10.0,16.0,62.5,6.0,10.0,0.0,10.0,8.0,29.0,11.0,0.0,Match Report,18:45,Europa Lg,League phase,Thu,Away,D,0,0,58.0,695.0,24.0,162.0,381.0,158.0,21.0,694.0,21.0,7.0,33.3,13.0,61.9,438.0,1936.0,898.0,13.0,8.0,3.0,17.0,8.0,482.0,49.0,Match Report,18:45,Europa Lg,League phase,Thu,Away,D,0,0,1.0,0.0,0.0,13.0,16.0,2.0,23.0,8.0,16.0,0.0,0.0,0.0,50.0,18.0,14.0,56.3,Match Report,Nottingham Forest,e4a775cb,2025-2026
2025-11-09,14:00,Premier League,Matchweek 11,Sun,Home,W,3,1,Leeds United,2.5,0.7,46.0,30708.0,Morgan Gibbs-White,4-2-3-1,4-3-3,Jarred Gillett,Match Report,,14:00,Premier League,Matchweek 11,Sun,Home,W,3,1,3.0,13.0,5.0,38.5,0.15,0.4,16.8,0.0,1.0,1.0,2.5,1.7,0.14,0.5,0.3,Match Report,14:00,Premier League,Matchweek 11,Sun,Home,W,3,1,3.0,1.0,2.0,66.7,0.0,1.2,0.2,0.0,0.0,0.0,0.0,6.0,16.0,37.5,22.0,4.0,59.1,40.5,5.0,60.0,43.2,10.0,0.0,0.0,0.0,16.0,Match Report,14:00,Premier League,Matchweek 11,Sun,Home,W,3,1,299.0,400.0,74.8,5731.0,2382.0,119.0,143.0,83.2,146.0,171.0,85.4,31.0,72.0,43.1,1.0,1.3,1.4,9.0,41.0,7.0,3.0,45.0,Match Report,14:00,Premier League,Matchweek 11,Sun,Home,W,3,1,400.0,354.0,44.0,11.0,0.0,2.0,26.0,20.0,6.0,2.0,3.0,0.0,299.0,2.0,8.0,Match Report,14:00,Premier League,Matchweek 11,Sun,Home,W,3,1,26.0,16.0,2.0,4.0,3.0,1.0,0.0,6.0,4.0,0.0,1.0,0.0,1.0,0.0,Match Report,14:00,Premier League,Matchweek 11,Sun,Home,W,3,1,27.0,17.0,19.0,6.0,2.0,18.0,23.0,78.3,5.0,13.0,2.0,11.0,6.0,33.0,29.0,0.0,Match Report,14:00,Premier League,Matchweek 11,Sun,Home,W,3,1,46.0,543.0,54.0,203.0,202.0,147.0,23.0,542.0,17.0,7.0,41.2,10.0,58.8,296.0,1452.0,731.0,11.0,9.0,3.0,24.0,5.0,297.0,45.0,Match Report,14:00,Premier League,Matchweek 11,Sun,Home,W,3,1,2.0,0.0,0.0,10.0,11.0,2.0,26.0,6.0,17.0,1.0,0.0,0.0,45.0,13.0,19.0,40.6,Match Report,Nottingham Forest,e4a775cb,2025-2026
2025-11-22,15:00,Premier League,Matchweek 12,Sat,Away,W,3,0,Liverpool,1.6,1.9,26.0,60419.0,Morgan Gibbs-White,4-2-3-1,4-3-3,Andy Madley,Match Report,,15:00,Premier League,Matchweek 12,Sat,Away,W,3,0,3.0,15.0,7.0,46.7,0.2,0.43,19.3,3.0,0.0,0.0,1.6,1.6,0.11,1.4,1.4,Match Report,15:00,Premier League,Matchweek 12,Sat,Away,W,3,0,3.0,0.0,3.0,100.0,1.0,0.7,0.7,0.0,0.0,0.0,0.0,8.0,28.0,28.6,19.0,2.0,84.2,52.8,14.0,85.7,64.3,27.0,2.0,7.4,2.0,18.0,Match Report,15:00,Premier League,Matchweek 12,Sat,Away,W,3,0,170.0,251.0,67.7,3509.0,1633.0,73.0,79.0,92.4,67.0,86.0,77.9,28.0,69.0,40.6,1.0,1.0,0.2,7.0,17.0,7.0,0.0,19.0,Match Report,15:00,Premier League,Matchweek 12,Sat,Away,W,3,0,251.0,203.0,46.0,8.0,1.0,1.0,15.0,17.0,6.0,3.0,2.0,0.0,170.0,2.0,8.0,Match Report,15:00,Premier League,Matchweek 12,Sat,Away,W,3,0,21.0,9.0,3.0,3.0,3.0,2.0,1.0,4.0,2.0,0.0,1.0,1.0,0.0,0.0,Match Report,15:00,Premier League,Matchweek 12,Sat,Away,W,3,0,27.0,17.0,18.0,6.0,3.0,18.0,32.0,56.3,14.0,14.0,10.0,4.0,7.0,34.0,49.0,1.0,Match Report,15:00,Premier League,Matchweek 12,Sat,Away,W,3,0,26.0,418.0,92.0,202.0,130.0,93.0,20.0,418.0,19.0,7.0,36.8,11.0,57.9,128.0,639.0,285.0,7.0,6.0,3.0,16.0,4.0,168.0,18.0,Match Report,15:00,Premier League,Matchweek 12,Sat,Away,W,3,0,0.0,0.0,0.0,8.0,10.0,2.0,15.0,7.0,17.0,0.0,0.0,0.0,32.0,12.0,17.0,41.4,Match Report,Nottingham Forest,e4a775cb,2025-2026
2025-11-27,20:00,Europa Lg,League phase,Thu,Home,W,3,0,se Malmö,2.1,0.1,65.0,28941.0,Ryan Yates,4-2-3-1,3-4-3,Harm Osmers,Match Report,,20:00,Europa Lg,League phase,Thu,Home,W,3,0,3.0,22.0,10.0,45.5,0.14,0.3,18.2,1.0,0.0,0.0,2.1,2.1,0.11,0.9,0.9,Match Report,20:00,Europa Lg,League phase,Thu,Home,W,3,0,1.0,0.0,1.0,100.0,1.0,0.2,0.2,0.0,0.0,0.0,0.0,1.0,5.0,20.0,21.0,1.0,23.8,23.2,0.0,,,2.0,0.0,0.0,0.0,10.0,Match Report,20:00,Europa Lg,League phase,Thu,Home,W,3,0,637.0,727.0,87.6,10461.0,2608.0,309.0,330.0,93.6,293.0,322.0,91.0,30.0,63.0,47.6,0.0,1.2,1.1,17.0,58.0,9.0,2.0,61.0,Match Report,20:00,Europa Lg,League phase,Thu,Home,W,3,0,727.0,689.0,38.0,9.0,7.0,1.0,30.0,21.0,7.0,6.0,0.0,0.0,637.0,0.0,6.0,Match Report,20:00,Europa Lg,League phase,Thu,Home,W,3,0,37.0,29.0,2.0,1.0,3.0,2.0,0.0,4.0,0.0,1.0,0.0,2.0,1.0,0.0,Match Report,20:00,Europa Lg,League phase,Thu,Home,W,3,0,18.0,14.0,3.0,10.0,5.0,10.0,15.0,66.7,5.0,8.0,0.0,8.0,11.0,29.0,0.0,0.0,Match Report,20:00,Europa Lg,League phase,Thu,Home,W,3,0,65.0,812.0,19.0,108.0,427.0,283.0,27.0,812.0,16.0,5.0,31.3,9.0,56.3,581.0,2216.0,1233.0,15.0,34.0,4.0,7.0,7.0,635.0,60.0,Match Report,20:00,Europa Lg,League phase,Thu,Home,W,3,0,4.0,0.0,0.0,14.0,10.0,0.0,30.0,11.0,14.0,0.0,0.0,0.0,46.0,14.0,4.0,77.8,Match Report,Nottingham Forest,e4a775cb,2025-2026
2025-11-30,14:05,Premier League,Matchweek 13,Sun,Home,L,0,2,Brighton,0.9,1.9,52.0,30522.0,Morgan Gibbs-White,4-2-3-1,4-2-3-1,Michael Oliver,Match Report,,14:05,Premier League,Matchweek 13,Sun,Home,L,0,2,0.0,19.0,3.0,15.8,0.0,0.0,17.7,0.0,0.0,0.0,0.9,0.9,0.05,-0.9,-0.9,Match Report,14:05,Premier League,Matchweek 13,Sun,Home,L,0,2,5.0,2.0,3.0,60.0,0.0,1.7,-0.3,0.0,0.0,0.0,0.0,5.0,17.0,29.4,33.0,2.0,39.4,34.4,11.0,36.4,35.1,5.0,0.0,0.0,5.0,27.9,Match Report,14:05,Premier League,Matchweek 13,Sun,Home,L,0,2,432.0,542.0,79.7,7409.0,2988.0,212.0,239.0,88.7,175.0,203.0,86.2,39.0,80.0,48.8,0.0,0.8,0.7,16.0,41.0,15.0,4.0,61.0,Match Report,14:05,Premier League,Matchweek 13,Sun,Home,L,0,2,542.0,494.0,47.0,10.0,1.0,2.0,33.0,14.0,9.0,5.0,3.0,0.0,432.0,1.0,9.0,Match Report,14:05,Premier League,Matchweek 13,Sun,Home,L,0,2,31.0,20.0,3.0,3.0,4.0,1.0,0.0,0.0,0.0,0.0,0.0,0.0,0.0,0.0,Match Report,14:05,Premier League,Matchweek 13,Sun,Home,L,0,2,22.0,14.0,12.0,7.0,3.0,10.0,16.0,62.5,6.0,13.0,7.0,6.0,7.0,29.0,19.0,1.0,Match Report,14:05,Premier League,Matchweek 13,Sun,Home,L,0,2,52.0,658.0,61.0,213.0,248.0,207.0,33.0,658.0,28.0,17.0,60.7,11.0,39.3,403.0,2279.0,1177.0,28.0,20.0,9.0,13.0,8.0,428.0,60.0,Match Report,14:05,Premier League,Matchweek 13,Sun,Home,L,0,2,0.0,0.0,0.0,11.0,10.0,1.0,33.0,7.0,14.0,0.0,0.0,0.0,56.0,13.0,12.0,52.0,Match Report,Nottingham Forest,e4a775cb,2025-2026
2025-12-03,19:30,Premier League,Matchweek 14,Wed,Away,W,1,0,Wolves,0.7,0.9,50.0,28646.0,Morgan Gibbs-White,4-2-3-1,3-4-3,Tim Robinson,Match Report,,19:30,Premier League,Matchweek 14,Wed,Away,W,1,0,1.0,10.0,3.0,30.0,0.1,0.33,15.6,1.0,0.0,0.0,0.7,0.7,0.07,0.3,0.3,Match Report,19:30,Premier League,Matchweek 14,Wed,Away,W,1,0,1.0,0.0,1.0,100.0,1.0,0.1,0.1,0.0,0.0,0.0,0.0,5.0,12.0,41.7,23.0,5.0,43.5,38.3,4.0,50.0,46.3,14.0,1.0,7.1,1.0,15.8,Match Report,19:30,Premier League,Matchweek 14,Wed,Away,W,1,0,367.0,466.0,78.8,6478.0,2315.0,172.0,194.0,88.7,145.0,170.0,85.3,40.0,77.0,51.9,1.0,0.7,1.1,8.0,26.0,11.0,6.0,32.0,Match Report,19:30,Premier League,Matchweek 14,Wed,Away,W,1,0,466.0,408.0,56.0,20.0,1.0,5.0,21.0,22.0,9.0,6.0,0.0,0.0,367.0,2.0,9.0,Match Report,19:30,Premier League,Matchweek 14,Wed,Away,W,1,0,18.0,14.0,1.0,0.0,2.0,1.0,0.0,2.0,2.0,0.0,0.0,0.0,0.0,0.0,Match Report,19:30,Premier League,Matchweek 14,Wed,Away,W,1,0,17.0,7.0,3.0,8.0,6.0,5.0,13.0,38.5,8.0,14.0,2.0,12.0,5.0,22.0,18.0,0.0,Match Report,19:30,Premier League,Matchweek 14,Wed,Away,W,1,0,50.0,591.0,46.0,147.0,290.0,162.0,23.0,591.0,15.0,4.0,26.7,8.0,53.3,326.0,1810.0,860.0,20.0,12.0,2.0,24.0,11.0,367.0,32.0,Match Report,19:30,Premier League,Matchweek 14,Wed,Away,W,1,0,2.0,0.0,0.0,11.0,19.0,2.0,21.0,5.0,7.0,0.0,0.0,0.0,37.0,15.0,17.0,46.9,Match Report,Nottingham Forest,e4a775cb,2025-2026
2025-12-06,15:00,Premier League,Matchweek 15,Sat,Away,L,0,3,Everton,0.5,1.1,58.0,52501.0,Morgan Gibbs-White,4-2-3-1,4-2-3-1,Chris Kavanagh,Match Report,,15:00,Premier League,Matchweek 15,Sat,Away,L,0,3,0.0,7.0,2.0,28.6,0.0,0.0,13.4,1.0,0.0,0.0,0.5,0.5,0.08,-0.5,-0.5,Match Report,15:00,Premier League,Matchweek 15,Sat,Away,L,0,3,5.0,3.0,3.0,40.0,0.0,1.8,-0.2,0.0,0.0,0.0,0.0,3.0,14.0,21.4,30.0,5.0,46.7,31.7,8.0,0.0,12.0,13.0,0.0,0.0,0.0,2.0,Match Report,15:00,Premier League,Matchweek 15,Sat,Away,L,0,3,388.0,494.0,78.5,6642.0,1907.0,167.0,183.0,91.3,185.0,217.0,85.3,26.0,65.0,40.0,0.0,0.4,0.2,4.0,22.0,4.0,2.0,32.0,Match Report,15:00,Premier League,Matchweek 15,Sat,Away,L,0,3,494.0,430.0,63.0,19.0,0.0,0.0,18.0,29.0,3.0,3.0,0.0,0.0,388.0,1.0,12.0,Match Report,15:00,Premier League,Matchweek 15,Sat,Away,L,0,3,14.0,9.0,2.0,1.0,1.0,1.0,0.0,0.0,0.0,0.0,0.0,0.0,0.0,0.0,Match Report,15:00,Premier League,Matchweek 15,Sat,Away,L,0,3,24.0,15.0,11.0,6.0,7.0,11.0,14.0,78.6,3.0,10.0,4.0,6.0,6.0,30.0,38.0,3.0,Match Report,15:00,Premier League,Matchweek 15,Sat,Away,L,0,3,58.0,608.0,71.0,223.0,289.0,99.0,12.0,608.0,14.0,8.0,57.1,3.0,21.4,296.0,1750.0,841.0,13.0,6.0,1.0,21.0,12.0,385.0,32.0,Match Report,15:00,Premier League,Matchweek 15,Sat,Away,L,0,3,3.0,0.0,0.0,15.0,16.0,1.0,18.0,6.0,15.0,0.0,0.0,1.0,36.0,24.0,21.0,53.3,Match Report,Nottingham Forest,e4a775cb,2025-2026
2025-12-11,18:45,Europa Lg,League phase,Thu,Away,W,2,1,nl Utrecht,1.6,0.9,56.0,22865.0,Nicolás Domínguez,4-3-3,4-3-3,Irfan Peljto,Match Report,,18:45,Europa Lg,League phase,Thu,Away,W,2,1,2.0,19.0,10.0,52.6,0.11,0.2,17.8,1.0,0.0,0.0,1.6,1.6,0.09,0.4,0.4,Match Report,18:45,Europa Lg,League phase,Thu,Away,W,2,1,3.0,1.0,2.0,66.7,0.0,0.8,-0.2,0.0,0.0,0.0,0.0,4.0,10.0,40.0,22.0,1.0,36.4,34.2,3.0,66.7,43.3,14.0,0.0,0.0,0.0,12.0,Match Report,18:45,Europa Lg,League phase,Thu,Away,W,2,1,438.0,517.0,84.7,7643.0,2449.0,194.0,211.0,91.9,205.0,228.0,89.9,31.0,61.0,50.8,1.0,1.0,2.0,11.0,36.0,11.0,3.0,38.0,Match Report,18:45,Europa Lg,League phase,Thu,Away,W,2,1,517.0,478.0,39.0,15.0,0.0,1.0,14.0,14.0,5.0,4.0,0.0,0.0,438.0,0.0,3.0,Match Report,18:45,Europa Lg,League phase,Thu,Away,W,2,1,31.0,22.0,3.0,0.0,3.0,3.0,0.0,1.0,0.0,0.0,0.0,1.0,0.0,0.0,Match Report,18:45,Europa Lg,League phase,Thu,Away,W,2,1,7.0,0.0,3.0,4.0,0.0,2.0,6.0,33.3,4.0,7.0,3.0,4.0,5.0,12.0,27.0,0.0,Match Report,18:45,Europa Lg,League phase,Thu,Away,W,2,1,56.0,617.0,52.0,178.0,282.0,161.0,29.0,617.0,15.0,4.0,26.7,9.0,60.0,426.0,2206.0,1033.0,24.0,17.0,5.0,12.0,11.0,433.0,38.0,Match Report,18:45,Europa Lg,League phase,Thu,Away,W,2,1,2.0,0.0,0.0,14.0,12.0,0.0,14.0,5.0,0.0,0.0,0.0,0.0,32.0,18.0,17.0,51.4,Match Report,Nottingham Forest,e4a775cb,2025-2026
2025-12-14,14:00,Premier League,Matchweek 16,Sun,Home,W,3,0,Tottenham,2.3,0.3,48.0,30579.0,Morgan Gibbs-White,4-2-3-1,4-2-3-1,Samuel Barrott,Match Report,,14:00,Premier League,Matchweek 16,Sun,Home,W,3,0,3.0,15.0,6.0,40.0,0.2,0.5,16.1,1.0,0.0,0.0,2.3,2.3,0.16,0.7,0.7,Match Report,14:00,Premier League,Matchweek 16,Sun,Home,W,3,0,1.0,0.0,1.0,100.0,1.0,0.5,0.5,0.0,0.0,0.0,0.0,9.0,20.0,45.0,29.0,0.0,62.1,44.1,6.0,33.3,31.3,13.0,0.0,0.0,0.0,7.0,Match Report,14:00,Premier League,Matchweek 16,Sun,Home,W,3,0,340.0,433.0,78.5,6175.0,2264.0,153.0,176.0,86.9,142.0,168.0,84.5,36.0,62.0,58.1,3.0,1.9,1.6,10.0,22.0,5.0,4.0,29.0,Match Report,14:00,Premier League,Matchweek 16,Sun,Home,W,3,0,433.0,384.0,45.0,13.0,2.0,2.0,15.0,22.0,3.0,2.0,0.0,0.0,340.0,4.0,11.0,Match Report,14:00,Premier League,Matchweek 16,Sun,Home,W,3,0,26.0,17.0,0.0,4.0,3.0,1.0,1.0,5.0,3.0,0.0,1.0,0.0,0.0,1.0,Match Report,14:00,Premier League,Matchweek 16,Sun,Home,W,3,0,17.0,9.0,6.0,5.0,6.0,9.0,21.0,42.9,12.0,20.0,4.0,16.0,12.0,29.0,23.0,0.0,Match Report,14:00,Premier League,Matchweek 16,Sun,Home,W,3,0,48.0,562.0,55.0,193.0,232.0,143.0,21.0,562.0,19.0,6.0,31.6,11.0,57.9,323.0,1515.0,757.0,19.0,17.0,4.0,15.0,19.0,338.0,29.0,Match Report,14:00,Premier League,Matchweek 16,Sun,Home,W,3,0,1.0,0.0,0.0,9.0,12.0,4.0,15.0,12.0,9.0,0.0,0.0,0.0,44.0,13.0,10.0,56.5,Match Report,Nottingham Forest,e4a775cb,2025-2026
2025-12-22,20:00,Premier League,Matchweek 17,Mon,Away,L,0,1,Fulham,0.7,1.5,51.0,26647.0,Morgan Gibbs-White,4-2-3-1,4-2-3-1,Anthony Taylor,Match Report,,20:00,Premier League,Matchweek 17,Mon,Away,L,0,1,0.0,12.0,2.0,16.7,0.0,0.0,20.5,0.0,0.0,0.0,0.7,0.7,0.06,-0.7,-0.7,Match Report,20:00,Premier League,Matchweek 17,Mon,Away,L,0,1,1.0,1.0,0.0,100.0,0.0,0.7,-0.3,1.0,1.0,0.0,0.0,5.0,13.0,38.5,26.0,1.0,38.5,33.8,7.0,42.9,34.9,5.0,0.0,0.0,1.0,17.3,Match Report,20:00,Premier League,Matchweek 17,Mon,Away,L,0,1,435.0,538.0,80.9,7376.0,2481.0,221.0,241.0,91.7,178.0,202.0,88.1,33.0,82.0,40.2,0.0,0.6,0.5,11.0,41.0,10.0,1.0,44.0,Match Report,20:00,Premier League,Matchweek 17,Mon,Away,L,0,1,538.0,493.0,43.0,7.0,2.0,7.0,23.0,22.0,5.0,4.0,0.0,0.0,435.0,2.0,6.0,Match Report,20:00,Premier League,Matchweek 17,Mon,Away,L,0,1,19.0,17.0,1.0,0.0,0.0,0.0,1.0,0.0,0.0,0.0,0.0,0.0,0.0,0.0,Match Report,20:00,Premier League,Matchweek 17,Mon,Away,L,0,1,10.0,5.0,5.0,4.0,1.0,4.0,12.0,33.3,8.0,12.0,6.0,6.0,8.0,18.0,16.0,1.0,Match Report,20:00,Premier League,Matchweek 17,Mon,Away,L,0,1,51.0,644.0,65.0,190.0,311.0,154.0,21.0,644.0,17.0,3.0,17.6,13.0,76.5,414.0,1688.0,726.0,10.0,13.0,4.0,20.0,8.0,431.0,44.0,Match Report,20:00,Premier League,Matchweek 17,Mon,Away,L,0,1,4.0,0.0,0.0,9.0,5.0,2.0,23.0,8.0,5.0,0.0,1.0,0.0,52.0,17.0,17.0,50.0,Match Report,Nottingham Forest,e4a775cb,2025-2026
2025-12-27,12:30,Premier League,Matchweek 18,Sat,Home,L,1,2,Manchester City,0.6,1.5,35.0,30778.0,Morgan Gibbs-White,4-2-3-1,4-3-2-1,Robert Jones,Match Report,,12:30,Premier League,Matchweek 18,Sat,Home,L,1,2,1.0,7.0,2.0,28.6,0.14,0.5,17.0,0.0,0.0,0.0,0.6,0.6,0.09,0.4,0.4,Match Report,12:30,Premier League,Matchweek 18,Sat,Home,L,1,2,5.0,2.0,3.0,60.0,0.0,1.5,-0.5,0.0,0.0,0.0,0.0,9.0,21.0,42.9,21.0,2.0,61.9,48.5,8.0,100.0,59.1,14.0,0.0,0.0,0.0,17.0,Match Report,12:30,Premier League,Matchweek 18,Sat,Home,L,1,2,239.0,335.0,71.3,4681.0,1862.0,119.0,138.0,86.2,77.0,100.0,77.0,40.0,83.0,48.2,1.0,0.4,0.5,4.0,19.0,6.0,4.0,16.0,Match Report,12:30,Premier League,Matchweek 18,Sat,Home,L,1,2,335.0,286.0,48.0,15.0,0.0,5.0,22.0,17.0,5.0,4.0,0.0,0.0,239.0,1.0,3.0,Match Report,12:30,Premier League,Matchweek 18,Sat,Home,L,1,2,13.0,9.0,1.0,0.0,1.0,2.0,0.0,2.0,2.0,0.0,0.0,0.0,0.0,0.0,Match Report,12:30,Premier League,Matchweek 18,Sat,Home,L,1,2,15.0,12.0,8.0,5.0,2.0,10.0,21.0,47.6,11.0,11.0,6.0,5.0,8.0,23.0,22.0,1.0,Match Report,12:30,Premier League,Matchweek 18,Sat,Home,L,1,2,35.0,441.0,64.0,176.0,160.0,111.0,12.0,441.0,17.0,6.0,35.3,11.0,64.7,240.0,1027.0,447.0,11.0,7.0,1.0,14.0,3.0,238.0,15.0,Match Report,12:30,Premier League,Matchweek 18,Sat,Home,L,1,2,1.0,0.0,0.0,5.0,13.0,1.0,22.0,8.0,12.0,0.0,0.0,0.0,36.0,12.0,13.0,48.0,Match Report,Nottingham Forest,e4a775cb,2025-2026
2025-12-30,19:30,Premier League,Matchweek 19,Tue,Home,L,0,2,Everton,1.5,1.3,69.0,30617.0,Morgan Gibbs-White,4-2-3-1,4-2-3-1,Michael Oliver,Match Report,,19:30,Premier League,Matchweek 19,Tue,Home,L,0,2,0.0,21.0,6.0,28.6,0.0,0.0,18.3,1.0,0.0,0.0,1.5,1.5,0.07,-1.5,-1.5,Match Report,19:30,Premier League,Matchweek 19,Tue,Home,L,0,2,3.0,2.0,1.0,33.3,0.0,0.9,-1.1,0.0,0.0,0.0,0.0,0.0,4.0,0.0,16.0,4.0,18.8,26.7,5.0,20.0,24.2,4.0,0.0,0.0,3.0,24.3,Match Report,19:30,Premier League,Matchweek 19,Tue,Home,L,0,2,634.0,744.0,85.2,10128.0,3206.0,337.0,363.0,92.8,257.0,297.0,86.5,34.0,65.0,52.3,0.0,1.2,2.4,15.0,69.0,20.0,5.0,98.0,Match Report,19:30,Premier League,Matchweek 19,Tue,Home,L,0,2,744.0,696.0,48.0,8.0,1.0,2.0,52.0,23.0,9.0,2.0,3.0,0.0,634.0,0.0,10.0,Match Report,19:30,Premier League,Matchweek 19,Tue,Home,L,0,2,39.0,31.0,0.0,5.0,2.0,1.0,0.0,0.0,0.0,0.0,0.0,0.0,0.0,0.0,Match Report,19:30,Premier League,Matchweek 19,Tue,Home,L,0,2,21.0,14.0,8.0,9.0,4.0,8.0,15.0,53.3,7.0,11.0,4.0,7.0,5.0,26.0,13.0,0.0,Match Report,19:30,Premier League,Matchweek 19,Tue,Home,L,0,2,69.0,864.0,30.0,151.0,390.0,324.0,40.0,864.0,30.0,16.0,53.3,9.0,30.0,554.0,2816.0,1507.0,32.0,21.0,6.0,18.0,14.0,631.0,98.0,Match Report,19:30,Premier League,Matchweek 19,Tue,Home,L,0,2,1.0,0.0,0.0,11.0,8.0,0.0,52.0,5.0,14.0,0.0,0.0,0.0,51.0,13.0,25.0,34.2,Match Report,Nottingham Forest,e4a775cb,2025-2026
2026-01-03,12:30,Premier League,Matchweek 20,Sat,Away,L,1,3,Aston Villa,0.9,1.7,28.0,43039.0,Morgan Gibbs-White,4-5-1,4-2-3-1,Simon Hooper,Match Report,,12:30,Premier League,Matchweek 20,Sat,Away,L,1,3,1.0,10.0,5.0,50.0,0.1,0.2,18.7,0.0,0.0,0.0,0.9,0.9,0.09,0.1,0.1,Match Report,12:30,Premier League,Matchweek 20,Sat,Away,L,1,3,4.0,3.0,1.0,25.0,0.0,1.6,0.0,0.0,0.0,0.0,0.0,4.0,16.0,25.0,21.0,2.0,47.6,38.7,11.0,54.5,43.6,9.0,1.0,11.1,3.0,17.5,Match Report,12:30,Premier League,Matchweek 20,Sat,Away,L,1,3,178.0,262.0,67.9,3392.0,1464.0,80.0,100.0,80.0,70.0,89.0,78.7,25.0,55.0,45.5,1.0,0.7,0.5,7.0,7.0,2.0,0.0,14.0,Match Report,12:30,Premier League,Matchweek 20,Sat,Away,L,1,3,262.0,220.0,38.0,11.0,2.0,2.0,9.0,8.0,4.0,3.0,0.0,0.0,178.0,4.0,6.0,Match Report,12:30,Premier League,Matchweek 20,Sat,Away,L,1,3,14.0,10.0,1.0,0.0,1.0,0.0,2.0,2.0,2.0,0.0,0.0,0.0,0.0,0.0,Match Report,12:30,Premier League,Matchweek 20,Sat,Away,L,1,3,19.0,8.0,12.0,5.0,2.0,11.0,15.0,73.3,4.0,14.0,4.0,10.0,14.0,33.0,29.0,2.0,Match Report,12:30,Premier League,Matchweek 20,Sat,Away,L,1,3,28.0,372.0,81.0,200.0,125.0,50.0,13.0,372.0,12.0,8.0,66.7,2.0,16.7,149.0,738.0,340.0,8.0,4.0,5.0,13.0,16.0,176.0,13.0,Match Report,12:30,Premier League,Matchweek 20,Sat,Away,L,1,3,2.0,0.0,0.0,20.0,10.0,4.0,9.0,14.0,8.0,0.0,0.0,0.0,41.0,6.0,9.0,40.0,Match Report,Nottingham Forest,e4a775cb,2025-2026
2026-01-06,20:00,Premier League,Matchweek 21,Tue,Away,W,2,1,West Ham,1.4,0.9,53.0,62429.0,Morgan Gibbs-White,4-2-3-1,4-2-3-1,Tony Harrington,Match Report,,20:00,Premier League,Matchweek 21,Tue,Away,W,2,1,2.0,12.0,4.0,33.3,0.08,0.25,18.2,0.0,1.0,1.0,1.4,0.6,0.05,0.6,0.4,Match Report,20:00,Premier League,Matchweek 21,Tue,Away,W,2,1,3.0,1.0,3.0,66.7,0.0,0.3,0.3,0.0,0.0,0.0,0.0,5.0,17.0,29.4,25.0,4.0,48.0,36.3,5.0,100.0,67.8,18.0,1.0,5.6,2.0,15.4,Match Report,20:00,Premier League,Matchweek 21,Tue,Away,W,2,1,364.0,477.0,76.3,6483.0,2537.0,151.0,164.0,92.1,164.0,200.0,82.0,36.0,77.0,46.8,1.0,0.5,0.6,9.0,43.0,8.0,2.0,50.0,Match Report,20:00,Premier League,Matchweek 21,Tue,Away,W,2,1,477.0,423.0,54.0,15.0,0.0,2.0,28.0,27.0,5.0,5.0,0.0,0.0,364.0,0.0,14.0,Match Report,20:00,Premier League,Matchweek 21,Tue,Away,W,2,1,25.0,20.0,1.0,0.0,1.0,2.0,1.0,4.0,1.0,1.0,0.0,0.0,2.0,0.0,Match Report,20:00,Premier League,Matchweek 21,Tue,Away,W,2,1,15.0,9.0,9.0,2.0,4.0,6.0,8.0,75.0,2.0,9.0,5.0,4.0,6.0,21.0,32.0,1.0,Match Report,20:00,Premier League,Matchweek 21,Tue,Away,W,2,1,53.0,615.0,60.0,177.0,232.0,210.0,24.0,614.0,19.0,2.0,10.5,14.0,73.7,267.0,1578.0,715.0,15.0,7.0,2.0,14.0,14.0,362.0,50.0,Match Report,20:00,Premier League,Matchweek 21,Tue,Away,W,2,1,0.0,0.0,0.0,9.0,15.0,0.0,28.0,6.0,9.0,1.0,0.0,1.0,49.0,20.0,27.0,42.6,Match Report,Nottingham Forest,e4a775cb,2025-2026
2026-01-09,19:30,FA Cup,Third round proper,Fri,Away,D,3 (3),3 (4),Wrexham,,,63.0,10603.0,Matz Sels,4-2-3-1,3-4-3,Paul Tierney,Match Report,Wrexham won on penalty kicks following extra time,19:30,FA Cup,Third round proper,Fri,Away,D,3 (3),3 (4),3.0,31.0,10.0,32.3,0.1,0.3,,,0.0,0.0,,,,,,Match Report,19:30,FA Cup,Third round proper,Fri,Away,D,3 (3),3 (4),7.0,3.0,4.0,57.1,0.0,,,0.0,0.0,0.0,0.0,,,,,,,,,,,,,,,,Match Report,19:30,FA Cup,Third round proper,Fri,Away,D,3 (3),3 (4),,,,,,,,,,,,,,,2.0,,,,,,,,Match Report,19:30,FA Cup,Third round proper,Fri,Away,D,3 (3),3 (4),,,,,,,41.0,,,,,,,,,Match Report,19:30,FA Cup,Third round proper,Fri,Away,D,3 (3),3 (4),,,,,,,,,,,,,,,Match Report,19:30,FA Cup,Third round proper,Fri,Away,D,3 (3),3 (4),,8.0,,,,,,,,,,,11.0,0.0,,,Match Report,19:30,FA Cup,Third round proper,Fri,Away,D,3 (3),3 (4),63.0,,,,,,,,,,,,,,,,,,,,,,,Match Report,19:30,FA Cup,Third round proper,Fri,Away,D,3 (3),3 (4),4.0,0.0,0.0,12.0,9.0,0.0,41.0,11.0,8.0,,,0.0,,,,,Match Report,Nottingham Forest,e4a775cb,2025-2026
2026-01-17,17:30,Premier League,Matchweek 22,Sat,Home,,,,Arsenal,,,,,,,,,Head-to-Head,,,,,,,,,,,,,,,,,,,,,,,,,,,,,,,,,,,,,,,,,,,,,,,,,,,,,,,,,,,,,,,,,,,,,,,,,,,,,,,,,,,,,,,,,,,,,,,,,,,,,,,,,,,,,,,,,,,,,,,,,,,,,,,,,,,,,,,,,,,,,,,,,,,,,,,,,,,,,,,,,,,,,,,,,,,,,,,,,,,,,,,,,,,,,,,,,,,,,,,,,,,,,,,,,,,,,,,,,,,,,Nottingham Forest,e4a775cb,2025-2026
2026-01-22,20:00,Europa Lg,League phase,Thu,Away,,,,pt Braga,,,,,,,,,Head-to-Head,,,,,,,,,,,,,,,,,,,,,,,,,,,,,,,,,,,,,,,,,,,,,,,,,,,,,,,,,,,,,,,,,,,,,,,,,,,,,,,,,,,,,,,,,,,,,,,,,,,,,,,,,,,,,,,,,,,,,,,,,,,,,,,,,,,,,,,,,,,,,,,,,,,,,,,,,,,,,,,,,,,,,,,,,,,,,,,,,,,,,,,,,,,,,,,,,,,,,,,,,,,,,,,,,,,,,,,,,,,,,Nottingham Forest,e4a775cb,2025-2026
2026-01-25,14:00,Premier League,Matchweek 23,Sun,Away,,,,Brentford,,,,,,,,,Head-to-Head,,,,,,,,,,,,,,,,,,,,,,,,,,,,,,,,,,,,,,,,,,,,,,,,,,,,,,,,,,,,,,,,,,,,,,,,,,,,,,,,,,,,,,,,,,,,,,,,,,,,,,,,,,,,,,,,,,,,,,,,,,,,,,,,,,,,,,,,,,,,,,,,,,,,,,,,,,,,,,,,,,,,,,,,,,,,,,,,,,,,,,,,,,,,,,,,,,,,,,,,,,,,,,,,,,,,,,,,,,,,,Nottingham Forest,e4a775cb,2025-2026
2026-01-29,20:00,Europa Lg,League phase,Thu,Home,,,,hu Ferencváros,,,,,,,,,Head-to-Head,,,,,,,,,,,,,,,,,,,,,,,,,,,,,,,,,,,,,,,,,,,,,,,,,,,,,,,,,,,,,,,,,,,,,,,,,,,,,,,,,,,,,,,,,,,,,,,,,,,,,,,,,,,,,,,,,,,,,,,,,,,,,,,,,,,,,,,,,,,,,,,,,,,,,,,,,,,,,,,,,,,,,,,,,,,,,,,,,,,,,,,,,,,,,,,,,,,,,,,,,,,,,,,,,,,,,,,,,,,,,Nottingham Forest,e4a775cb,2025-2026
2026-02-01,14:00,Premier League,Matchweek 24,Sun,Home,,,,Crystal Palace,,,,,,,,,Head-to-Head,,,,,,,,,,,,,,,,,,,,,,,,,,,,,,,,,,,,,,,,,,,,,,,,,,,,,,,,,,,,,,,,,,,,,,,,,,,,,,,,,,,,,,,,,,,,,,,,,,,,,,,,,,,,,,,,,,,,,,,,,,,,,,,,,,,,,,,,,,,,,,,,,,,,,,,,,,,,,,,,,,,,,,,,,,,,,,,,,,,,,,,,,,,,,,,,,,,,,,,,,,,,,,,,,,,,,,,,,,,,,Nottingham Forest,e4a775cb,2025-2026
2026-02-06,20:00,Premier League,Matchweek 25,Fri,Away,,,,Leeds United,,,,,,,,,Head-to-Head,,,,,,,,,,,,,,,,,,,,,,,,,,,,,,,,,,,,,,,,,,,,,,,,,,,,,,,,,,,,,,,,,,,,,,,,,,,,,,,,,,,,,,,,,,,,,,,,,,,,,,,,,,,,,,,,,,,,,,,,,,,,,,,,,,,,,,,,,,,,,,,,,,,,,,,,,,,,,,,,,,,,,,,,,,,,,,,,,,,,,,,,,,,,,,,,,,,,,,,,,,,,,,,,,,,,,,,,,,,,,Nottingham Forest,e4a775cb,2025-2026
2026-02-11,19:30,Premier League,Matchweek 26,Wed,Home,,,,Wolves,,,,,,,,,Head-to-Head,,,,,,,,,,,,,,,,,,,,,,,,,,,,,,,,,,,,,,,,,,,,,,,,,,,,,,,,,,,,,,,,,,,,,,,,,,,,,,,,,,,,,,,,,,,,,,,,,,,,,,,,,,,,,,,,,,,,,,,,,,,,,,,,,,,,,,,,,,,,,,,,,,,,,,,,,,,,,,,,,,,,,,,,,,,,,,,,,,,,,,,,,,,,,,,,,,,,,,,,,,,,,,,,,,,,,,,,,,,,,Nottingham Forest,e4a775cb,2025-2026
2026-02-21,15:00,Premier League,Matchweek 27,Sat,Home,,,,Liverpool,,,,,,,,,Head-to-Head,,,,,,,,,,,,,,,,,,,,,,,,,,,,,,,,,,,,,,,,,,,,,,,,,,,,,,,,,,,,,,,,,,,,,,,,,,,,,,,,,,,,,,,,,,,,,,,,,,,,,,,,,,,,,,,,,,,,,,,,,,,,,,,,,,,,,,,,,,,,,,,,,,,,,,,,,,,,,,,,,,,,,,,,,,,,,,,,,,,,,,,,,,,,,,,,,,,,,,,,,,,,,,,,,,,,,,,,,,,,,Nottingham Forest,e4a775cb,2025-2026
2026-02-28,15:00,Premier League,Matchweek 28,Sat,Away,,,,Brighton,,,,,,,,,Head-to-Head,,,,,,,,,,,,,,,,,,,,,,,,,,,,,,,,,,,,,,,,,,,,,,,,,,,,,,,,,,,,,,,,,,,,,,,,,,,,,,,,,,,,,,,,,,,,,,,,,,,,,,,,,,,,,,,,,,,,,,,,,,,,,,,,,,,,,,,,,,,,,,,,,,,,,,,,,,,,,,,,,,,,,,,,,,,,,,,,,,,,,,,,,,,,,,,,,,,,,,,,,,,,,,,,,,,,,,,,,,,,,Nottingham Forest,e4a775cb,2025-2026
2026-03-04,20:00,Premier League,Matchweek 29,Wed,Away,,,,Manchester City,,,,,,,,,Head-to-Head,,,,,,,,,,,,,,,,,,,,,,,,,,,,,,,,,,,,,,,,,,,,,,,,,,,,,,,,,,,,,,,,,,,,,,,,,,,,,,,,,,,,,,,,,,,,,,,,,,,,,,,,,,,,,,,,,,,,,,,,,,,,,,,,,,,,,,,,,,,,,,,,,,,,,,,,,,,,,,,,,,,,,,,,,,,,,,,,,,,,,,,,,,,,,,,,,,,,,,,,,,,,,,,,,,,,,,,,,,,,,Nottingham Forest,e4a775cb,2025-2026
2026-03-14,15:00,Premier League,Matchweek 30,Sat,Home,,,,Fulham,,,,,,,,,Head-to-Head,,,,,,,,,,,,,,,,,,,,,,,,,,,,,,,,,,,,,,,,,,,,,,,,,,,,,,,,,,,,,,,,,,,,,,,,,,,,,,,,,,,,,,,,,,,,,,,,,,,,,,,,,,,,,,,,,,,,,,,,,,,,,,,,,,,,,,,,,,,,,,,,,,,,,,,,,,,,,,,,,,,,,,,,,,,,,,,,,,,,,,,,,,,,,,,,,,,,,,,,,,,,,,,,,,,,,,,,,,,,,Nottingham Forest,e4a775cb,2025-2026
2026-03-21,15:00,Premier League,Matchweek 31,Sat,Away,,,,Tottenham,,,,,,,,,Head-to-Head,,,,,,,,,,,,,,,,,,,,,,,,,,,,,,,,,,,,,,,,,,,,,,,,,,,,,,,,,,,,,,,,,,,,,,,,,,,,,,,,,,,,,,,,,,,,,,,,,,,,,,,,,,,,,,,,,,,,,,,,,,,,,,,,,,,,,,,,,,,,,,,,,,,,,,,,,,,,,,,,,,,,,,,,,,,,,,,,,,,,,,,,,,,,,,,,,,,,,,,,,,,,,,,,,,,,,,,,,,,,,Nottingham Forest,e4a775cb,2025-2026
2026-04-11,15:00,Premier League,Matchweek 32,Sat,Home,,,,Aston Villa,,,,,,,,,Head-to-Head,,,,,,,,,,,,,,,,,,,,,,,,,,,,,,,,,,,,,,,,,,,,,,,,,,,,,,,,,,,,,,,,,,,,,,,,,,,,,,,,,,,,,,,,,,,,,,,,,,,,,,,,,,,,,,,,,,,,,,,,,,,,,,,,,,,,,,,,,,,,,,,,,,,,,,,,,,,,,,,,,,,,,,,,,,,,,,,,,,,,,,,,,,,,,,,,,,,,,,,,,,,,,,,,,,,,,,,,,,,,,Nottingham Forest,e4a775cb,2025-2026
2026-04-18,15:00,Premier League,Matchweek 33,Sat,Home,,,,Burnley,,,,,,,,,Head-to-Head,,,,,,,,,,,,,,,,,,,,,,,,,,,,,,,,,,,,,,,,,,,,,,,,,,,,,,,,,,,,,,,,,,,,,,,,,,,,,,,,,,,,,,,,,,,,,,,,,,,,,,,,,,,,,,,,,,,,,,,,,,,,,,,,,,,,,,,,,,,,,,,,,,,,,,,,,,,,,,,,,,,,,,,,,,,,,,,,,,,,,,,,,,,,,,,,,,,,,,,,,,,,,,,,,,,,,,,,,,,,,Nottingham Forest,e4a775cb,2025-2026
2026-04-25,15:00,Premier League,Matchweek 34,Sat,Away,,,,Sunderland,,,,,,,,,Head-to-Head,,,,,,,,,,,,,,,,,,,,,,,,,,,,,,,,,,,,,,,,,,,,,,,,,,,,,,,,,,,,,,,,,,,,,,,,,,,,,,,,,,,,,,,,,,,,,,,,,,,,,,,,,,,,,,,,,,,,,,,,,,,,,,,,,,,,,,,,,,,,,,,,,,,,,,,,,,,,,,,,,,,,,,,,,,,,,,,,,,,,,,,,,,,,,,,,,,,,,,,,,,,,,,,,,,,,,,,,,,,,,Nottingham Forest,e4a775cb,2025-2026
2026-05-02,15:00,Premier League,Matchweek 35,Sat,Away,,,,Chelsea,,,,,,,,,Head-to-Head,,,,,,,,,,,,,,,,,,,,,,,,,,,,,,,,,,,,,,,,,,,,,,,,,,,,,,,,,,,,,,,,,,,,,,,,,,,,,,,,,,,,,,,,,,,,,,,,,,,,,,,,,,,,,,,,,,,,,,,,,,,,,,,,,,,,,,,,,,,,,,,,,,,,,,,,,,,,,,,,,,,,,,,,,,,,,,,,,,,,,,,,,,,,,,,,,,,,,,,,,,,,,,,,,,,,,,,,,,,,,Nottingham Forest,e4a775cb,2025-2026
2026-05-09,15:00,Premier League,Matchweek 36,Sat,Home,,,,Newcastle Utd,,,,,,,,,Head-to-Head,,,,,,,,,,,,,,,,,,,,,,,,,,,,,,,,,,,,,,,,,,,,,,,,,,,,,,,,,,,,,,,,,,,,,,,,,,,,,,,,,,,,,,,,,,,,,,,,,,,,,,,,,,,,,,,,,,,,,,,,,,,,,,,,,,,,,,,,,,,,,,,,,,,,,,,,,,,,,,,,,,,,,,,,,,,,,,,,,,,,,,,,,,,,,,,,,,,,,,,,,,,,,,,,,,,,,,,,,,,,,Nottingham Forest,e4a775cb,2025-2026
2026-05-17,15:00,Premier League,Matchweek 37,Sun,Away,,,,Manchester Utd,,,,,,,,,Head-to-Head,,,,,,,,,,,,,,,,,,,,,,,,,,,,,,,,,,,,,,,,,,,,,,,,,,,,,,,,,,,,,,,,,,,,,,,,,,,,,,,,,,,,,,,,,,,,,,,,,,,,,,,,,,,,,,,,,,,,,,,,,,,,,,,,,,,,,,,,,,,,,,,,,,,,,,,,,,,,,,,,,,,,,,,,,,,,,,,,,,,,,,,,,,,,,,,,,,,,,,,,,,,,,,,,,,,,,,,,,,,,,Nottingham Forest,e4a775cb,2025-2026
2026-05-24,16:00,Premier League,Matchweek 38,Sun,Home,,,,Bournemouth,,,,,,,,,Head-to-Head,,,,,,,,,,,,,,,,,,,,,,,,,,,,,,,,,,,,,,,,,,,,,,,,,,,,,,,,,,,,,,,,,,,,,,,,,,,,,,,,,,,,,,,,,,,,,,,,,,,,,,,,,,,,,,,,,,,,,,,,,,,,,,,,,,,,,,,,,,,,,,,,,,,,,,,,,,,,,,,,,,,,,,,,,,,,,,,,,,,,,,,,,,,,,,,,,,,,,,,,,,,,,,,,,,,,,,,,,,,,,Nottingham Forest,e4a775cb,2025-2026
